[
    {
        "description": null,
        "id": 1,
        "name": "Admin",
        "subCategories": [
            {
                "description": null,
                "id": 1,
                "name": "Admin-sub"
            }
        ]
    },
    {
        "description": null,
        "id": 2,
        "name": "Marketing",
        "subCategories": [
            {
                "description": null,
                "id": 2,
                "name": "Marketing-sub"
            },
            {
                "description": null,
                "id": 4,
                "name": "MktgAdmin-sub"
            }
        ]
    }
]